Feature Extractor,Classifier,Test Accuracy,Test Precision_macro,Test Recall_macro,Test F1_macro,Test F1_weighted
EfficientNetB0,Logistic Regression,0.9911111111111112,0.9911839161662547,0.991111111111111,0.9911256801553376,0.9911256801553375
EfficientNetB0,SVM,0.9888888888888889,0.9890331507978566,0.9888888888888888,0.9889103498125621,0.988910349812562
VGG16,Random Forest,0.9866666666666667,0.9866515548839208,0.9866666666666667,0.9866517776123439,0.9866517776123439
EfficientNetB0,Random Forest,0.9844444444444445,0.9851380042462846,0.9844444444444446,0.9845127117100193,0.9845127117100194
ResNet50,Logistic Regression,0.9844444444444445,0.9844585685289716,0.9844444444444443,0.9844442716030178,0.9844442716030178
ResNet50,SVM,0.9822222222222222,0.982395344416663,0.9822222222222222,0.9822583030451818,0.9822583030451819
VGG16,SVM,0.9777777777777777,0.9779795587138659,0.9777777777777779,0.9778284286196123,0.9778284286196122
ResNet50,Random Forest,0.9777777777777777,0.9783082817565575,0.9777777777777777,0.9778224350854288,0.9778224350854289
VGG16,Logistic Regression,0.9622222222222222,0.9624341259957698,0.9622222222222222,0.9622159001106368,0.9622159001106371
